dx,dy
-35.673192,34.432385
